empid,orderdate,orderid,custid
9,2016-04-29,11058,6
8,2016-05-06,11075,68
7,2016-05-06,11074,73
6,2016-04-23,11045,10
5,2016-04-22,11043,74
4,2016-05-06,11076,9
3,2016-04-30,11063,37
2,2016-05-05,11073,58
2,2016-05-05,11070,44
1,2016-05-06,11077,65
